Id,Screen_Name,Text,Time,Retweets,Impressions,URL 
1048737631130066955,NotiBolGroup,RT @NotiBolGroup: #Bolivia Repercusiones por el mundo por el anuncio de la candidatura de Carlos Mesa a la Presidencia de Bolivia. @carlosd‚Ä¶,2018-10-07 00:51 UTC,0,19392,http://twitter.com/NotiBolGroup/statuses/1048737631130066955 
1048737349750771713,NotiBolGroup,@marceu_mu @carlosdmesag @RubenCostasA @SDoriaMedina @UnidadNacional1 @MAS_Bolivia @DemocratasBo @SatucoMayor‚Ä¶ https://t.co/6ag4Ubr6mV,2018-10-07 00:50 UTC,0,1,http://twitter.com/NotiBolGroup/statuses/1048737349750771713 
1048737078455009280,rvaldivia1861,RT @noticiasfides: #ANF #√öltimo @carlosdmesag acepta la invitaci√≥n del #FRI para ser candidato en las #Elecciones2019. Dice que van a ‚Äúderr‚Ä¶,2018-10-07 00:49 UTC,0,28,http://twitter.com/rvaldivia1861/statuses/1048737078455009280 
1048736651256758272,Sumaj_Warmi,RT @PaulinoChura: @Sumaj_Warmi @MonoLargaVista @DemocratasBo @solparaBolivia @carlosdmesag El gran perdedor de la candidatura de @carlosdme‚Ä¶,2018-10-07 00:47 UTC,0,5970,http://twitter.com/Sumaj_Warmi/statuses/1048736651256758272 
1048736581073481729,Sumaj_Warmi,RT @feodemonio: @Sumaj_Warmi @MonoLargaVista @DemocratasBo @solparaBolivia @carlosdmesag Seria un error elegir a revilla!,2018-10-07 00:47 UTC,0,5970,http://twitter.com/Sumaj_Warmi/statuses/1048736581073481729 
1048736454925602817,canela_cs,"Tengo 40 a√±os menos y ya no me siento tan joven como √©l. ¬øQu√© come el se√±or @carlosdmesag?",2018-10-07 00:47 UTC,0,1201,http://twitter.com/canela_cs/statuses/1048736454925602817 
1048736438781661184,Nelita98734925,"@abadoblitas @hombre__libre @MFuentesElAlto @carlosdmesag El MAS tiene todo el derecho de participar y ganar, pero‚Ä¶ https://t.co/Bd2Iw7NTwo",2018-10-07 00:47 UTC,0,1,http://twitter.com/Nelita98734925/statuses/1048736438781661184 
1048736422574919680,Zeus4Real_,"@carlosdmesag @YouTube Sumamente interesado sobre su posici√≥n pol√≠tica. Excelente tener un nuevo candidato y conoc‚Ä¶ https://t.co/N4SuDpYWU0",2018-10-07 00:47 UTC,0,1,http://twitter.com/Zeus4Real_/statuses/1048736422574919680 
1048736278760632322,monicanovillo,"@DiarioOpinion @carlosdmesag Bueno, primero candidatear√° en las primarias!",2018-10-07 00:46 UTC,0,1,http://twitter.com/monicanovillo/statuses/1048736278760632322 
1048736213102997504,Richard21176958,"@carlosdmesag @YouTube Votare por mesa, eso le tenia decidido hace tiempo.",2018-10-07 00:46 UTC,0,1,http://twitter.com/Richard21176958/statuses/1048736213102997504 
1048736073290010624,_Niratak_,"RT @GaryQuisbertL: @carlosdmesag ¬øIzquierda?, Sr Carlos Mesa no nos decepcione, la izquierda ya arruino infinidad de pa√≠ses en  el mundo Lo‚Ä¶",2018-10-07 00:45 UTC,0,23,http://twitter.com/_Niratak_/statuses/1048736073290010624 
1048735952334704641,jpablovillegasu,RT @carlosdmesag: Mi respuesta: POR UN GOBIERNO DE CIUDADANOS https://t.co/fUlNNsSkp5 v√≠a @YouTube,2018-10-07 00:45 UTC,0,58,http://twitter.com/jpablovillegasu/statuses/1048735952334704641 
1048735709442572288,Nelita98734925,"@abadoblitas @carlosdmesag De que lugar de Bolivia es usted? si el 2003 no estaba en La Paz o en El Alto, no creo q‚Ä¶ https://t.co/eIGIVLFnqx",2018-10-07 00:44 UTC,0,1,http://twitter.com/Nelita98734925/statuses/1048735709442572288 
1048735694561189888,CinthyaMendozaV,RT @noticiasfides: #ANF El Movimiento Dem√≥crata Social respalda la decisi√≥n de @carlosdmesag de ir como candidato presidencial por #FRI. Di‚Ä¶,2018-10-07 00:44 UTC,0,887,http://twitter.com/CinthyaMendozaV/statuses/1048735694561189888 
1048735539560628225,NotiBolGroup,"RT @NotiBolGroup: #Bolivia es esta la fila de los ""candidatos del futuro"" o la fila del CARMELO. @carlosdmesag @RubenCostasA @SDoriaMedina‚Ä¶",2018-10-07 00:43 UTC,0,19392,http://twitter.com/NotiBolGroup/statuses/1048735539560628225 
1048735157933543425,herbertmijail,"RT @nlagunaq: .@carlosdmesag, con 65 a√±os y esta historia dice ser el candidato de ""futuro"". https://t.co/bI0mEKiyGU",2018-10-07 00:42 UTC,0,40,http://twitter.com/herbertmijail/statuses/1048735157933543425 
1048734896196386816,betococo11,@abadoblitas @carlosdmesag A mi no me vendan que la gente de patriota salio en octubre hubo mucha desinformaci√≥n po‚Ä¶ https://t.co/x9ikx0j8HL,2018-10-07 00:40 UTC,0,1,http://twitter.com/betococo11/statuses/1048734896196386816 
1048734633771372546,x3ndrix,RT @carlosdmesag: Mi respuesta: POR UN GOBIERNO DE CIUDADANOS https://t.co/fUlNNsSkp5 v√≠a @YouTube,2018-10-07 00:39 UTC,0,29,http://twitter.com/x3ndrix/statuses/1048734633771372546 
1048734567690129408,betococo11,@abadoblitas @carlosdmesag Yo lo vi en vivo y en dir√©cto no por tele ve√≠a pasar a los muertos por la puerta de mi c‚Ä¶ https://t.co/bWRdN3BCD1,2018-10-07 00:39 UTC,0,1,http://twitter.com/betococo11/statuses/1048734567690129408 
1048734444398546945,Guiller45544284,"RT @bitduarte: @carlosdmesag @YouTube GOBIERNO DE ANCIANOS..! ""DONDE ESTA SU RENOVACI√ìN GENERACIONAL""?? ü§£üòÇ #MNR #MIR #ADN https://t.co/ZpQd‚Ä¶",2018-10-07 00:39 UTC,0,104,http://twitter.com/Guiller45544284/statuses/1048734444398546945 
1048734441751949312,NatachaBarahon1,RT @noticiasfides: #ANF El Movimiento Dem√≥crata Social respalda la decisi√≥n de @carlosdmesag de ir como candidato presidencial por #FRI. Di‚Ä¶,2018-10-07 00:39 UTC,0,103,http://twitter.com/NatachaBarahon1/statuses/1048734441751949312 
1048734351209517056,MiguelLangdon,"@murillavo @NormaPierola @carlosdmesag de que hablas viejo, yo apoyo a samuel, al menos ese tipo estoy seguro que n‚Ä¶ https://t.co/FGpFfsuu42",2018-10-07 00:38 UTC,0,1,http://twitter.com/MiguelLangdon/statuses/1048734351209517056 
1048733554996338689,hramirez1969,@KatuArkonada @carlosdmesag El candidato de la oligarqu√≠a chilena .,2018-10-07 00:35 UTC,0,1,http://twitter.com/hramirez1969/statuses/1048733554996338689 
1048733508506714112,NegreteJamel,@carlosdmesag @YouTube Siga adelante carlos mesa lo voy apoyar,2018-10-07 00:35 UTC,0,1,http://twitter.com/NegreteJamel/statuses/1048733508506714112 
1048733424696156161,hramirez1969,"RT @KatuArkonada: Despu√©s de ver el video de @carlosdmesag anunciando que en 2019 competir√° contra Evo Morales, tuve un d√©j√† vu. Vota Mesa‚Ä¶",2018-10-07 00:35 UTC,0,36,http://twitter.com/hramirez1969/statuses/1048733424696156161 
1048733389145223168,zenonfreddycorn,@noticiasfides @carlosdmesag Si sus ojos ocupan gran parte de cabeza y no razona . Le hago recuerdo q su jefe no est√° habilitado,2018-10-07 00:34 UTC,0,1,http://twitter.com/zenonfreddycorn/statuses/1048733389145223168 
1048733194529460224,ENRIQUE1735,@NotiBolGroup @jaimepazzamora @carlosdmesag https://t.co/bH7qgHOAMt,2018-10-07 00:34 UTC,0,1,http://twitter.com/ENRIQUE1735/statuses/1048733194529460224 
1048733072982728709,NotiBolGroup,Querido @carlosdmesag ese discurso ya lo escuchamos hace mucho y parece que se te han acabado los actos de magia. U‚Ä¶ https://t.co/Zd3Dos3n6p,2018-10-07 00:33 UTC,0,19392,http://twitter.com/NotiBolGroup/statuses/1048733072982728709 
1048732797177925632,PaulinoChura,@Sumaj_Warmi @MonoLargaVista @DemocratasBo @solparaBolivia @carlosdmesag El gran perdedor de la candidatura de‚Ä¶ https://t.co/akjIbWtVzp,2018-10-07 00:32 UTC,1,1,http://twitter.com/PaulinoChura/statuses/1048732797177925632 
1048732686175690757,LuzLey7,RT @carlosdmesag: Mi respuesta: POR UN GOBIERNO DE CIUDADANOS https://t.co/fUlNNsSkp5 v√≠a @YouTube,2018-10-07 00:32 UTC,0,417,http://twitter.com/LuzLey7/statuses/1048732686175690757 
1048732490725253121,MichelleRiSos,RT @carlosdmesag: Mi respuesta: POR UN GOBIERNO DE CIUDADANOS https://t.co/fUlNNsSkp5 v√≠a @YouTube,2018-10-07 00:31 UTC,0,30,http://twitter.com/MichelleRiSos/statuses/1048732490725253121 
1048732080140668928,IsaiRdgzz,"RT @KatuArkonada: Despu√©s de ver el video de @carlosdmesag anunciando que en 2019 competir√° contra Evo Morales, tuve un d√©j√† vu.Vota Mesa‚Ä¶",2018-10-07 00:29 UTC,0,664,http://twitter.com/IsaiRdgzz/statuses/1048732080140668928 
1048732050533097473,IsaiRdgzz,"RT @KatuArkonada: Los pueblos tienen m√°s historia de la que usted se cree, don @carlosdmesag https://t.co/rMWr9svnyM",2018-10-07 00:29 UTC,0,664,http://twitter.com/IsaiRdgzz/statuses/1048732050533097473 
1048732045051146240,amante_dlcomida,"RT @noticiasfides: #ANF @carlosdmesag confirma su candidatura presidencial por el #FRI en elecciones de 2019 (Foto: Captura) --&gt;&gt;https://t‚Ä¶",2018-10-07 00:29 UTC,0,154,http://twitter.com/amante_dlcomida/statuses/1048732045051146240 
1048732023144288256,camibravoborda,@carlosdmesag @YouTube Se√±or Carlos Mesa ¬øqu√© har√≠a usted por la educaci√≥n de Bolivia?,2018-10-07 00:29 UTC,0,1,http://twitter.com/camibravoborda/statuses/1048732023144288256 
1048731816100855808,Eddy72352445,@ATBDigital @carlosdmesag Ganar√° Mesa en las primarias,2018-10-07 00:28 UTC,0,1,http://twitter.com/Eddy72352445/statuses/1048731816100855808 
1048731758336860161,ramiroerm,"RT @dw_espanol: Seg√∫n varias encuestas, el expresidente de #Bolivia #CarlosMesa es uno de las figuras opositoras a #EvoMorales con mayor ac‚Ä¶",2018-10-07 00:28 UTC,0,2667,http://twitter.com/ramiroerm/statuses/1048731758336860161 
1048731741568032768,feodemonio,@Sumaj_Warmi @MonoLargaVista @DemocratasBo @solparaBolivia @carlosdmesag Seria un error elegir a revilla!,2018-10-07 00:28 UTC,1,1,http://twitter.com/feodemonio/statuses/1048731741568032768 
1048731650614616064,Albacet29728120,@00Cbba @amilcarbarral @carlosdmesag @SDoriaMedina @jaimepazzamora @tutoquiroga @vhcardenasc @LuisRevillaH‚Ä¶ https://t.co/qx2eeNplzR,2018-10-07 00:28 UTC,0,1,http://twitter.com/Albacet29728120/statuses/1048731650614616064 
1048731534075875331,Segier3,@carlosdmesag @YouTube Por [una idea con contenido] ...est√° bueno s√≠ es real entonces es una verdad.,2018-10-07 00:27 UTC,0,1,http://twitter.com/Segier3/statuses/1048731534075875331 
1048731446708510720,_Niratak_,"@WDt66 @MarcoBalderram3 @maxtor_2 @carlosdmesag @YouTube Si no te diste cuenta, el partido al que le va Carlos Mesa‚Ä¶ https://t.co/bMXHqXsyLW",2018-10-07 00:27 UTC,0,1,http://twitter.com/_Niratak_/statuses/1048731446708510720 
1048731412696915968,LizMarianneColq,RT @carlosdmesag: Mi respuesta: POR UN GOBIERNO DE CIUDADANOS https://t.co/fUlNNsSkp5 v√≠a @YouTube,2018-10-07 00:27 UTC,0,24,http://twitter.com/LizMarianneColq/statuses/1048731412696915968 
1048731394585907200,NotiBolGroup,"RT @bitduarte: .@carlosdmesag :""Este pa√≠s necesita dos cosas urgentemente: la primera, una renovaci√≥n generacional"" üòÇü§£ https://t.co/BLwHghT‚Ä¶",2018-10-07 00:27 UTC,0,19392,http://twitter.com/NotiBolGroup/statuses/1048731394585907200 
1048731319864373250,Ceciliaestrad5,"@RCalasich @carlosdmesag Ramiro, si le damos un par de d√≠as para que se pronuncie sobre el 21F? Hoy acaba de oficializar su candidatura",2018-10-07 00:26 UTC,0,1,http://twitter.com/Ceciliaestrad5/statuses/1048731319864373250 
1048731175924240384,NotiBolGroup,"RT @PepePomacusi: ""PREFIERO TIRARME AL R√çO CHOQUEYAPU ANTES QUE SER CANDIDATO A LA PRESIDENCIA O SER PRESIDENTE DE BOLIVIA, ESO ME DIJO @ca‚Ä¶",2018-10-07 00:26 UTC,0,19392,http://twitter.com/NotiBolGroup/statuses/1048731175924240384 
1048730819915862016,zenonfreddycorn,"RT @noticiasfides: #ANF @carlosdmesag y #FRI buscan candidato a la ""Vice"" y alistan llenado de 1.000 libros de registros (Foto: FRI Oruro)‚Ä¶",2018-10-07 00:24 UTC,0,20,http://twitter.com/zenonfreddycorn/statuses/1048730819915862016 
1048730579582308354,amante_dlcomida,@PariMollo @ElizabetGuerra1 @CarlitossFlores @oresgraph @carlosdmesag Tal cual como do√±a ACHACOLLO lo hizo https://t.co/tWPulNJdf7,2018-10-07 00:23 UTC,0,1,http://twitter.com/amante_dlcomida/statuses/1048730579582308354 
1048730539593781250,hugosanze1,"@jaimepazzamora @carlosdmesag Cual es el otro candidato, parece que JPZ vio doble.",2018-10-07 00:23 UTC,0,1,http://twitter.com/hugosanze1/statuses/1048730539593781250 
1048730397411090432,AngelicaSoruco,@carlosdmesag @YouTube üëç,2018-10-07 00:23 UTC,0,1,http://twitter.com/AngelicaSoruco/statuses/1048730397411090432 
1048730390272389120,BianQuex,RT @Dexanfetamina: Esperanza. @carlosdmesag https://t.co/4CQiZL7C2j,2018-10-07 00:23 UTC,0,106,http://twitter.com/BianQuex/statuses/1048730390272389120 
1048730119668424704,RCalasich,"@carlosdmesag no anunci√≥ efectivizar el #21F, s√≥lo present√≥ candidatura. Insisto: ‚îÄSi se va a las urnas, ¬ørespetar√°‚Ä¶ https://t.co/gBNWpwK3Kb",2018-10-07 00:21 UTC,0,1,http://twitter.com/RCalasich/statuses/1048730119668424704 
1048730025875427330,ordonezos,RT @carlosdmesag: Mi respuesta: POR UN GOBIERNO DE CIUDADANOS https://t.co/fUlNNsSkp5 v√≠a @YouTube,2018-10-07 00:21 UTC,0,311,http://twitter.com/ordonezos/statuses/1048730025875427330 
1048729876017156096,VSepu,RT @NotiBolGroup: #Bolivia Repercusiones por el mundo por el anuncio de la candidatura de Carlos Mesa a la Presidencia de Bolivia. @carlosd‚Ä¶,2018-10-07 00:21 UTC,0,426,http://twitter.com/VSepu/statuses/1048729876017156096 
1048729569379975168,jose1988cuervo,RT @carlosdmesag: He recibido la invitaci√≥n del FRI para ser candidato a la presidencia por esa organizaci√≥n pol√≠tica. En las pr√≥ximas hora‚Ä¶,2018-10-07 00:19 UTC,0,32,http://twitter.com/jose1988cuervo/statuses/1048729569379975168 
1048729553479368704,ecampohermoso,"RT @EliasMalta4: @nlagunaq @carlosdmesag Estas asustado beb√©? se te acabo la pega de mercenario cibern√©tico, de mentiroso ü§• oficial",2018-10-07 00:19 UTC,0,791,http://twitter.com/ecampohermoso/statuses/1048729553479368704 
1048729534001029123,Limber88858567,"@lguien_ @carlosdmesag @YouTube Es un chiste tu comentario , lo primero es tener dinero despu√©s lo dem√°s , estamos‚Ä¶ https://t.co/NKVY5TIaoU",2018-10-07 00:19 UTC,0,1,http://twitter.com/Limber88858567/statuses/1048729534001029123 
1048729525616611328,ecampohermoso,RT @renanmeave: @nlagunaq @carlosdmesag En realidad el MAS no tiene propuesta. Pura consigna.,2018-10-07 00:19 UTC,0,791,http://twitter.com/ecampohermoso/statuses/1048729525616611328 
1048729489285545984,ecampohermoso,"RT @HoracioCespede5: @nlagunaq @carlosdmesag Ya siente el miedo y el desgaste de 15 a√±os de gobierno. Empezaron bien, terminar√°n mal.",2018-10-07 00:19 UTC,0,791,http://twitter.com/ecampohermoso/statuses/1048729489285545984 
1048729386931896320,Jessica02042583,@carlosdmesag @YouTube Mesa presidente üëåüèª,2018-10-07 00:19 UTC,0,1,http://twitter.com/Jessica02042583/statuses/1048729386931896320 
1048729340295491591,palmajuanpablo1,"@carlosdmesag @YouTube Ahora como nunca. As√≠ no mas https://t.co/A3DHihh9kw",2018-10-07 00:18 UTC,0,1,http://twitter.com/palmajuanpablo1/statuses/1048729340295491591 
1048728858088931330,mandrake611,"@Pensardiferente @jaimepazzamora @carlosdmesag Hablando de eso, no estabas haciendo tu partido pol√≠tico? O eso de ‚Äú‚Ä¶ https://t.co/EL5KysTFh8",2018-10-07 00:16 UTC,0,1,http://twitter.com/mandrake611/statuses/1048728858088931330 
1048728730481438722,Ross21F,RT @jaimepazzamora: Felicidades @carlosdmesag por finalmente tomar una decisi√≥n.  A menos de una semana del fallo sobre nuestra Demanda Mar‚Ä¶,2018-10-07 00:16 UTC,0,186,http://twitter.com/Ross21F/statuses/1048728730481438722 
1048728686596374529,jc7Jc777777,"RT @KhantutaM: Gracias @carlosdmesag por traer el pasado. Recuerdo  t√∫ pasado con Goni, cuando aceptaste ser su candidato. Te escuch√© en El‚Ä¶",2018-10-07 00:16 UTC,0,665,http://twitter.com/jc7Jc777777/statuses/1048728686596374529 
1048728558477168640,mandrake611,@Pensardiferente @jaimepazzamora @carlosdmesag Soy ingeniero aeroespacial üòé,2018-10-07 00:15 UTC,0,1,http://twitter.com/mandrake611/statuses/1048728558477168640 
1048728528571846659,MonicaDecker17,@carlosdmesag @YouTube Todo mi apoyo Carlos Mesa Presidente üôå‚ù§Ô∏è,2018-10-07 00:15 UTC,0,1,http://twitter.com/MonicaDecker17/statuses/1048728528571846659 
1048728481260097539,NotiBolGroup,"RT @KhantutaM: Gracias @carlosdmesag por traer el pasado. Recuerdo  t√∫ pasado con Goni, cuando aceptaste ser su candidato. Te escuch√© en El‚Ä¶",2018-10-07 00:15 UTC,0,19392,http://twitter.com/NotiBolGroup/statuses/1048728481260097539 
1048728430047629312,Sumaj_Warmi,RT @ecampohermoso: @Sumaj_Warmi @MonoLargaVista @DemocratasBo @solparaBolivia @carlosdmesag SolBO solo gano en La Paz porque ten√≠a en frent‚Ä¶,2018-10-07 00:15 UTC,0,5970,http://twitter.com/Sumaj_Warmi/statuses/1048728430047629312 
1048728407524167681,bitduarte,"RT @bitduarte: .@carlosdmesag :""Este pa√≠s necesita dos cosas urgentemente: la primera, una renovaci√≥n generacional"" üòÇü§£ https://t.co/BLwHghT‚Ä¶",2018-10-07 00:15 UTC,0,808,http://twitter.com/bitduarte/statuses/1048728407524167681 
1048728356227862528,Pensardiferente,"@mandrake611 @jaimepazzamora @carlosdmesag O sea no sabe de pol√≠tica Qu√© profesi√≥n tiene?(para que le de un ejemp‚Ä¶ https://t.co/8s4U7AzrKS",2018-10-07 00:14 UTC,0,1,http://twitter.com/Pensardiferente/statuses/1048728356227862528 
1048728331519184897,Guiller45544284,RT @NotiBolGroup: #Bolivia 16 a√±os despu√©s el Pajpaku nos quiere vender la misma pomada. V√≠deos casi calcados donde se venden sentimientos‚Ä¶,2018-10-07 00:14 UTC,0,104,http://twitter.com/Guiller45544284/statuses/1048728331519184897 
1048728197125292032,JamesCusGam,@carlosdmesag @YouTube Bien,2018-10-07 00:14 UTC,0,1,http://twitter.com/JamesCusGam/statuses/1048728197125292032 
1048728134462443520,NatachaBarahon1,"RT @beerAndGin: Los tuiteros con m√°s seguidores de #Bolivia @carlosdmesag es querido y respetado por la mayor√≠a de la comunidad boliviana‚Ä¶",2018-10-07 00:14 UTC,0,103,http://twitter.com/NatachaBarahon1/statuses/1048728134462443520 
1048728087867920387,bitduarte,"@carlosdmesag @YouTube GOBIERNO DE ANCIANOS..! ""DONDE ESTA SU RENOVACI√ìN GENERACIONAL""?? ü§£üòÇ #MNR #MIR #ADN https://t.co/ZpQdfzLeJE",2018-10-07 00:13 UTC,1,1,http://twitter.com/bitduarte/statuses/1048728087867920387 
1048728020884885504,palmajuanpablo1,@EduardoERocaD @ahoranoticiasAN @gonzaloflores34 @carlosdmesag Demuestra que soy chupamedias,2018-10-07 00:13 UTC,0,1,http://twitter.com/palmajuanpablo1/statuses/1048728020884885504 
1048727834804572160,Guiller45544284,"RT @KatuArkonada: Los pueblos tienen m√°s historia de la que usted se cree, don @carlosdmesag https://t.co/rMWr9svnyM",2018-10-07 00:12 UTC,0,104,http://twitter.com/Guiller45544284/statuses/1048727834804572160 
1048727648153821184,EQuiPo_Kinho,RT @carlosdmesag: Mi respuesta: POR UN GOBIERNO DE CIUDADANOS https://t.co/fUlNNsSkp5 v√≠a @YouTube,2018-10-07 00:12 UTC,0,78,http://twitter.com/EQuiPo_Kinho/statuses/1048727648153821184 
1048727629283647488,JoseWal16683888,@noticiasfides @nancyvago @carlosdmesag Vive abrazado al rey bacco consuetudinario y al toque y me voy balbucea üëéüèº‚Ä¶ https://t.co/QeRmTHRBkA,2018-10-07 00:12 UTC,0,1,http://twitter.com/JoseWal16683888/statuses/1048727629283647488 
1048727612514873344,Guiller45544284,"RT @bitduarte: .@carlosdmesag :""Este pa√≠s necesita dos cosas urgentemente: la primera, una renovaci√≥n generacional"" üòÇü§£ https://t.co/BLwHghT‚Ä¶",2018-10-07 00:12 UTC,0,104,http://twitter.com/Guiller45544284/statuses/1048727612514873344 
1048727459162738688,NotiBolGroup,@jaimepazzamora @carlosdmesag #Bolivia Incre√≠blemente el fallo de #LaHaya ha desnudado el problema m√°s grande de la‚Ä¶ https://t.co/7hbswQCPRK,2018-10-07 00:11 UTC,0,1,http://twitter.com/NotiBolGroup/statuses/1048727459162738688 
1048727219219128320,ecampohermoso,@Sumaj_Warmi @MonoLargaVista @DemocratasBo @solparaBolivia @carlosdmesag SolBO solo gano en La Paz porque ten√≠a en‚Ä¶ https://t.co/2tjMh23vXI,2018-10-07 00:10 UTC,1,1,http://twitter.com/ecampohermoso/statuses/1048727219219128320 
1048727183211024384,Jix_vez,RT @carlosdmesag: Mi respuesta: POR UN GOBIERNO DE CIUDADANOS https://t.co/fUlNNsSkp5 v√≠a @YouTube,2018-10-07 00:10 UTC,0,13,http://twitter.com/Jix_vez/statuses/1048727183211024384 
1048727169323753472,lizytabc,@noticiasfides @carlosdmesag El √∫nico candidato corrupto debi√≥ decir!  #21F,2018-10-07 00:10 UTC,0,1,http://twitter.com/lizytabc/statuses/1048727169323753472 
1048727056446578690,HoracioCespede5,@oresgraph @carlosdmesag @YouTube Mejor un pol√≠tico que lleva 15 a√±os en el poder...,2018-10-07 00:09 UTC,0,1,http://twitter.com/HoracioCespede5/statuses/1048727056446578690 
1048727022057541638,sergiosramirez,RT @noticiasfides: #ANF #√öltimo @carlosdmesag confirma a trav√©s de sus redes sociales su participaci√≥n como candidato para presidente de la‚Ä¶,2018-10-07 00:09 UTC,0,68,http://twitter.com/sergiosramirez/statuses/1048727022057541638 
1048726774551601153,jc7Jc777777,RT @NotiBolGroup: #Bolivia 16 a√±os despu√©s el Pajpaku nos quiere vender la misma pomada. V√≠deos casi calcados donde se venden sentimientos‚Ä¶,2018-10-07 00:08 UTC,0,665,http://twitter.com/jc7Jc777777/statuses/1048726774551601153 
1048726595496824832,mandrake611,@Pensardiferente @jaimepazzamora @carlosdmesag No se necesita ser experto para entender que necesitamos un gobierno‚Ä¶ https://t.co/3LfJG36rvJ,2018-10-07 00:07 UTC,0,1,http://twitter.com/mandrake611/statuses/1048726595496824832 
1048726426982240257,Nestor07595082,@carlosdmesag @YouTube Vamos Mesa con sabiduria e inteligencia,2018-10-07 00:07 UTC,0,1,http://twitter.com/Nestor07595082/statuses/1048726426982240257 
1048726401602539520,bitduarte,".@carlosdmesag :""Este pa√≠s necesita dos cosas urgentemente: la primera, una renovaci√≥n generacional"" üòÇü§£‚Ä¶ https://t.co/ZPPu4TYQVJ",2018-10-07 00:07 UTC,3,808,http://twitter.com/bitduarte/statuses/1048726401602539520 
1048726369549660160,RolandoCopa,@ATBRedNacional @evoespueblo @carlosdmesag Una raz√≥n m√°s para no ver ese canal vendido al MAS,2018-10-07 00:07 UTC,0,1,http://twitter.com/RolandoCopa/statuses/1048726369549660160 
1048726367850909696,Sumaj_Warmi,"RT @IvoRoCu: @Sumaj_Warmi @DemocratasBo @solparaBolivia @carlosdmesag Calculadores... no hagan que se vuelva Venezuela, deben unirse en tor‚Ä¶",2018-10-07 00:07 UTC,0,5970,http://twitter.com/Sumaj_Warmi/statuses/1048726367850909696 
1048726365745414145,NotiBolGroup,"RT @KatuArkonada: Los pueblos tienen m√°s historia de la que usted se cree, don @carlosdmesag https://t.co/rMWr9svnyM",2018-10-07 00:07 UTC,0,19392,http://twitter.com/NotiBolGroup/statuses/1048726365745414145 
1048726251173806080,Sumaj_Warmi,"@MonoLargaVista @DemocratasBo @solparaBolivia @carlosdmesag Si con eso evitamos que haya m√°s partidos pol√≠ticos, estar√≠a bien... digo yo.",2018-10-07 00:06 UTC,0,1,http://twitter.com/Sumaj_Warmi/statuses/1048726251173806080 
1048726049092251649,NotiBolGroup,"RT @lufrum: Un tipo, @carlosdmesag, que fue protagonista del pasado triste de nuestra historia, con la cabeza blannnnca por los a√±os encima‚Ä¶",2018-10-07 00:05 UTC,0,19392,http://twitter.com/NotiBolGroup/statuses/1048726049092251649 
1048726038304509954,makphi7784,RT @carlosdmesag: Mi respuesta: POR UN GOBIERNO DE CIUDADANOS https://t.co/fUlNNsSkp5 v√≠a @YouTube,2018-10-07 00:05 UTC,0,9,http://twitter.com/makphi7784/statuses/1048726038304509954 
1048726025771921409,Sashimi_Lf,@amilcarbarral @carlosdmesag @SDoriaMedina @jaimepazzamora @tutoquiroga @vhcardenasc @LuisRevillaH @RubenCostasA To‚Ä¶ https://t.co/5bAeJgyUT5,2018-10-07 00:05 UTC,0,1,http://twitter.com/Sashimi_Lf/statuses/1048726025771921409 
1048726020034113538,hernando_calla,RT @Sumaj_Warmi: üõë@DemocratasBo y @solparaBolivia hasta fin de mes y noviembre dar√°n a conocer si se unir√°n o no con @carlosdmesag  https:/‚Ä¶,2018-10-07 00:05 UTC,0,364,http://twitter.com/hernando_calla/statuses/1048726020034113538 
1048725792920940544,bg26326,"@carlosdmesag @YouTube gracias, don Carlos por ese su patriotismo,  Bolivia toda lo necesita, ve en ud., una esperanza de libertad!!!",2018-10-07 00:04 UTC,0,1,http://twitter.com/bg26326/statuses/1048725792920940544 
1048725390234193920,JoseWal16683888,RT @bitduarte: @KatuArkonada @carlosdmesag DICEN QUE UN PUEBLO QUE OLVIDA SU HISTORIA Y SU HISTORIADOR REPITE LA HISTORIA.. #OCTUBRENEGRO #‚Ä¶,2018-10-07 00:03 UTC,0,6,http://twitter.com/JoseWal16683888/statuses/1048725390234193920 
1048725382466293760,alexandraarumi,@CaimanOso @DonRamonMercado @carlosdmesag @Pensardiferente @IdonMoisesChivi @jlbedregal @jcrquiroga @kariduenAlfaro‚Ä¶ https://t.co/nbkF0IJW33,2018-10-07 00:03 UTC,0,1,http://twitter.com/alexandraarumi/statuses/1048725382466293760 
1048725292985016321,CarolaArrayaB,"RT @ValeQinaya: Las y los del MAS saludamos el deseo de candidatura de Mesa, eso es democracia. La pregunta ahora es: ser√° que ahora @carlo‚Ä¶",2018-10-07 00:02 UTC,0,269,http://twitter.com/CarolaArrayaB/statuses/1048725292985016321
048750621929689088,CetatopCarlitos,"RT @ivanariasduran: Saludar @carlosdmesag decisi√≥n de entrar a la arena pol√≠tica, de convocar a la unidad para restablecer la democracia y‚Ä¶",2018-10-07 01:43 UTC,0,1614,http://twitter.com/CetatopCarlitos/statuses/1048750621929689088 
1048750477658267648,CetatopCarlitos,RT @carlosdmesag: Mi respuesta: POR UN GOBIERNO DE CIUDADANOS https://t.co/fUlNNsSkp5 v√≠a @YouTube,2018-10-07 01:42 UTC,0,1614,http://twitter.com/CetatopCarlitos/statuses/1048750477658267648 
1048750029555617792,Enrique28435961,"RT @noticiasfides: #ANF @carlosdmesag y #FRI buscan candidato a la ""Vice"" y alistan llenado de 1.000 libros de registros (Foto: FRI Oruro)‚Ä¶",2018-10-07 01:41 UTC,0,46,http://twitter.com/Enrique28435961/statuses/1048750029555617792 
1048750023993974784,ATBRedNacional,#Importante El presidente @evoespueblo hablar√° sobre la candidatura de @carlosdmesag este domingo a las 22:00 en en‚Ä¶ https://t.co/b8OMBdcFTy,2018-10-07 01:41 UTC,0,12333,http://twitter.com/ATBRedNacional/statuses/1048750023993974784 
1048749926421876737,CrisCoronadoM,@carlosdmesag adelante Carlos Mesa ... Bolivia est√° con usted,2018-10-07 01:40 UTC,0,1,http://twitter.com/CrisCoronadoM/statuses/1048749926421876737 
1048749790278942721,CrisCoronadoM,@carlosdmesag @YouTube Fuerza Carlos Mesa,2018-10-07 01:40 UTC,0,1,http://twitter.com/CrisCoronadoM/statuses/1048749790278942721 
1048749707546251265,VanMcmujica,@carlosdmesag @YouTube Ahora me pregunto quien sera el acompa√±ante del Se√±or Carlos Mesa,2018-10-07 01:39 UTC,0,1,http://twitter.com/VanMcmujica/statuses/1048749707546251265 
1048749693814145030,LatAmFr,"RT @abadoblitas: La raz√≥n por la que odio a Carlos Mesa @carlosdmesag: Mientras la ciudad de El Alto luchaba y mor√≠a por los recursos natu‚Ä¶",2018-10-07 01:39 UTC,0,1565,http://twitter.com/LatAmFr/statuses/1048749693814145030 
1048749554991030275,ELEchoqueM,"El gobierno @evoespueblo empuj√≥,grito y dio las condiciones a @carlosdmesag para que sea candidato a‚Ä¶ https://t.co/X28dS6z0bS",2018-10-07 01:39 UTC,0,420,http://twitter.com/ELEchoqueM/statuses/1048749554991030275 
1048749402947559424,leonard_lazo,"RT @kariduenAlfaro: A m√≠ @carlosdmesag me parece como esos solteros que se creen ""cotizados"" pero que luego se areglan con la ""peoresnada""‚Ä¶",2018-10-07 01:38 UTC,0,37,http://twitter.com/leonard_lazo/statuses/1048749402947559424 
1048749206117261313,MiminJoel,@adolfo7777 @ValeQinaya @carlosdmesag @SDoriaMedina @Generacion_Evo_ @Diputados_Bol @Es_Kahlo @avsix @CuadernosGE‚Ä¶ https://t.co/iqZq8I0I5O,2018-10-07 01:37 UTC,0,1,http://twitter.com/MiminJoel/statuses/1048749206117261313 
1048749160890093568,AlfredoMarty,RT @carlosdmesag: Mi respuesta: POR UN GOBIERNO DE CIUDADANOS https://t.co/fUlNNsSkp5 v√≠a @YouTube,2018-10-07 01:37 UTC,0,74,http://twitter.com/AlfredoMarty/statuses/1048749160890093568 
1048749075129143296,C3sarHernand3z,"RT @JP_Rivero: Y para el @diarioeldeber, @carlosdmesag es ya ""El mandatario"", realmente para la derecha es hoy un d√≠a de fiesta. P√°renla mu‚Ä¶",2018-10-07 01:37 UTC,0,49079,http://twitter.com/C3sarHernand3z/statuses/1048749075129143296 
1048748872737181696,ivarbvv,@NormaPierola @GZegarrundo @carlosdmesag Lamento tanto que en todo latino america no existan politicos que quieran‚Ä¶ https://t.co/aLK64e2VN1,2018-10-07 01:36 UTC,0,1,http://twitter.com/ivarbvv/statuses/1048748872737181696 
1048748810502066182,JoseMPando,"@carlosdmesag @YouTube Yo me apunto, para trabajar por Bolivia.",2018-10-07 01:36 UTC,0,1,http://twitter.com/JoseMPando/statuses/1048748810502066182 
1048748740775989248,Valanntain,"@carlosdmesag @YouTube Muy bien! Ud representa actualmente de manera adecuada lo que el pa√≠s necesita hoy",2018-10-07 01:35 UTC,0,1,http://twitter.com/Valanntain/statuses/1048748740775989248 
1048748367185100800,CeckG,@dbg_bo @carlosdmesag Quiere renunciar por 2da vez.,2018-10-07 01:34 UTC,0,1,http://twitter.com/CeckG/statuses/1048748367185100800 
1048748292094513152,RobertoTrill,"RT @PepePomacusi: ""PREFIERO TIRARME AL R√çO CHOQUEYAPU ANTES QUE SER CANDIDATO A LA PRESIDENCIA O SER PRESIDENTE DE BOLIVIA, ESO ME DIJO @ca‚Ä¶",2018-10-07 01:34 UTC,0,137,http://twitter.com/RobertoTrill/statuses/1048748292094513152 
1048748024783151105,dbg_bo,#Bolivia C√≥mo creerle algo a @carlosdmesag si m√°s de 5 veces dijo que no ser√≠a candidato a las elecciones?? Que hab‚Ä¶ https://t.co/X8dXvIRB2k,2018-10-07 01:33 UTC,0,1956,http://twitter.com/dbg_bo/statuses/1048748024783151105 
1048748010312814592,nlagunaq,"RT @PepePomacusi: ""PREFIERO TIRARME AL R√çO CHOQUEYAPU ANTES QUE SER CANDIDATO A LA PRESIDENCIA O SER PRESIDENTE DE BOLIVIA, ESO ME DIJO @ca‚Ä¶",2018-10-07 01:33 UTC,0,2037,http://twitter.com/nlagunaq/statuses/1048748010312814592 
1048747893161709568,patricia_olmos,La candidatura de @carlosdmesag demuestra la pluralidad democr√°tica que existir√° en las pr√≥ximas elecciones en‚Ä¶ https://t.co/4LQU3HXXug,2018-10-07 01:32 UTC,0,490,http://twitter.com/patricia_olmos/statuses/1048747893161709568 
1048747618485096448,Juan_Ayala27,"RT @PepePomacusi: ""PREFIERO TIRARME AL R√çO CHOQUEYAPU ANTES QUE SER CANDIDATO A LA PRESIDENCIA O SER PRESIDENTE DE BOLIVIA, ESO ME DIJO @ca‚Ä¶",2018-10-07 01:31 UTC,0,14,http://twitter.com/Juan_Ayala27/statuses/1048747618485096448 
1048747430211178496,LemaCasimira,"RT @fabiana18146388: @redbolivision @telepaisunitel @LemaCasimira @carlosdmesag  Fui brutal mente  agredida por una Carabinera ;( https‚Ä¶",2018-10-07 01:30 UTC,0,25471,http://twitter.com/LemaCasimira/statuses/1048747430211178496 
1048747328142753793,patricia_olmos,"RT @nlagunaq: Carlos Mesa (@carlosdmesag) con ""gorrita y bandera"" rosadas. https://t.co/V1cVUk8sEI",2018-10-07 01:30 UTC,0,490,http://twitter.com/patricia_olmos/statuses/1048747328142753793 
1048747141617864710,Pensardiferente,"RT @dbg_bo: @Pensardiferente @carlosdmesag Todos sabemos que Mesa es el caballo de Troya, para los oficialistas va a ser quien avale la can‚Ä¶",2018-10-07 01:29 UTC,0,3179,http://twitter.com/Pensardiferente/statuses/1048747141617864710 
1048747106427592705,Valanntain,RT @carlosdmesag: Mi respuesta: POR UN GOBIERNO DE CIUDADANOS https://t.co/fUlNNsSkp5 v√≠a @YouTube,2018-10-07 01:29 UTC,0,1,http://twitter.com/Valanntain/statuses/1048747106427592705 
1048746859202838528,EddyParavicini,@monicanovillo @DiarioOpinion @carlosdmesag Cuantos votantes tendr√°n en las primarias del FRI?,2018-10-07 01:28 UTC,0,1,http://twitter.com/EddyParavicini/statuses/1048746859202838528 
1048746487864348672,giancitodc,"@exilioboliviano @carlosdmesag @evoespueblo Falso, evo Morales ya estuvo habilitado por su c√∫pula del TCP y TSE, se‚Ä¶ https://t.co/kl0LBVObDb",2018-10-07 01:27 UTC,0,1,http://twitter.com/giancitodc/statuses/1048746487864348672 
1048746483372253185,dbg_bo,@Pensardiferente @carlosdmesag No ofendas a los historiadores de verdad Mesa nunca estudi√≥ Historia en la UMSA ni e‚Ä¶ https://t.co/q1zRaMlWs4,2018-10-07 01:27 UTC,0,1,http://twitter.com/dbg_bo/statuses/1048746483372253185 
1048745626811453441,jcema0162,"@abadoblitas @carlosdmesag Un punto de vista muy forzado (trabajado) para tratar d marear la perdiz, vale tu intento, pero nada cierto",2018-10-07 01:23 UTC,0,1,http://twitter.com/jcema0162/statuses/1048745626811453441 
1048745125290102786,Esperan63640343,@exilioboliviano @carlosdmesag @evoespueblo Y que quer√≠an?? Seguro que quer√≠an que el Evo sea el un√≠co candidato. P‚Ä¶ https://t.co/znfmLI3xlP,2018-10-07 01:21 UTC,0,1,http://twitter.com/Esperan63640343/statuses/1048745125290102786 
1048745074853646336,CarlosSolaCond2,@carlosdmesag @YouTube Que te pasa Frente Rebolucionario de Izquierda tu eres de oposicion de direcha,2018-10-07 01:21 UTC,0,1,http://twitter.com/CarlosSolaCond2/statuses/1048745074853646336 
1048744862076555264,Tigasa120Tito,@noticiasfides @carlosdmesag ü§î,2018-10-07 01:20 UTC,0,1,http://twitter.com/Tigasa120Tito/statuses/1048744862076555264 
1048744833249148930,Tigasa120Tito,RT @noticiasfides: #ANF #√öltimo @carlosdmesag confirma a trav√©s de sus redes sociales su participaci√≥n como candidato para presidente de la‚Ä¶,2018-10-07 01:20 UTC,0,245,http://twitter.com/Tigasa120Tito/statuses/1048744833249148930 
1048744666588487681,MelodyTellezDu1,"RT @CallejasElmar: La historia se repite. Antes ¬øme voy?¬øno me voy?, me voy,¬ø renunci√≥ ?¬ø no renunci√≥? renunci√≥. Hoy ¬øSoy candidato?¬øNo soy‚Ä¶",2018-10-07 01:19 UTC,0,4,http://twitter.com/MelodyTellezDu1/statuses/1048744666588487681 
1048744524925865984,santiagoillapa,"RT @abadoblitas: La raz√≥n por la que odio a Carlos Mesa @carlosdmesag: Mientras la ciudad de El Alto luchaba y mor√≠a por los recursos natu‚Ä¶",2018-10-07 01:19 UTC,0,75,http://twitter.com/santiagoillapa/statuses/1048744524925865984 
1048744489106518017,ma540718hotmai1,@PaulinoChura @Sumaj_Warmi @MonoLargaVista @DemocratasBo @solparaBolivia @carlosdmesag Primero se impondr√°n los int‚Ä¶ https://t.co/WEKruqCjle,2018-10-07 01:19 UTC,0,1,http://twitter.com/ma540718hotmai1/statuses/1048744489106518017 
1048744465383534592,martintzas,@nlagunaq @carlosdmesag Dentro de 15 a√±os qu√© diremos de esto? https://t.co/uXZ3GDXtJX,2018-10-07 01:18 UTC,0,1,http://twitter.com/martintzas/statuses/1048744465383534592 
1048744439672459264,Brandon40918429,RT @carlosdmesag: Mi respuesta: POR UN GOBIERNO DE CIUDADANOS https://t.co/fUlNNsSkp5 v√≠a @YouTube,2018-10-07 01:18 UTC,0,0,http://twitter.com/Brandon40918429/statuses/1048744439672459264 
1048744107005362177,damart87,RT @Dexanfetamina: Esperanza. @carlosdmesag https://t.co/4CQiZL7C2j,2018-10-07 01:17 UTC,0,39,http://twitter.com/damart87/statuses/1048744107005362177 
1048744053452562432,santiagoillapa,"RT @kariduenAlfaro: A m√≠ @carlosdmesag me parece como esos solteros que se creen ""cotizados"" pero que luego se areglan con la ""peoresnada""‚Ä¶",2018-10-07 01:17 UTC,0,75,http://twitter.com/santiagoillapa/statuses/1048744053452562432 
1048743992417013765,martintzas,@nlagunaq @carlosdmesag Dentro de 15 a√±os veremos esto igual? https://t.co/meRChutYwu,2018-10-07 01:17 UTC,0,1,http://twitter.com/martintzas/statuses/1048743992417013765 
1048743961886642176,VladiSanchezEsc,"RT @PepePomacusi: ""PREFIERO TIRARME AL R√çO CHOQUEYAPU ANTES QUE SER CANDIDATO A LA PRESIDENCIA O SER PRESIDENTE DE BOLIVIA, ESO ME DIJO @ca‚Ä¶",2018-10-07 01:16 UTC,0,2970,http://twitter.com/VladiSanchezEsc/statuses/1048743961886642176 
1048743893427281920,JosePed51879103,@carlosdmesag @YouTube No hablen necedades est√© donde est√© Carlos Mesa el pueblo lo apoyar√° y lo va a pulverizar a evaristo,2018-10-07 01:16 UTC,0,1,http://twitter.com/JosePed51879103/statuses/1048743893427281920 
1048743602497748992,santosdtno,@NotiBolGroup @jaimepazzamora @carlosdmesag Jajajajaja,2018-10-07 01:15 UTC,0,1,http://twitter.com/santosdtno/statuses/1048743602497748992 
1048743576354611201,El_Deshabitado,"RT @ValeQinaya: Las y los del MAS saludamos el deseo de candidatura de Mesa, eso es democracia. La pregunta ahora es: ser√° que ahora @carlo‚Ä¶",2018-10-07 01:15 UTC,0,87,http://twitter.com/El_Deshabitado/statuses/1048743576354611201 
1048743560869289986,VladiSanchezEsc,"RT @kariduenAlfaro: A m√≠ @carlosdmesag me parece como esos solteros que se creen ""cotizados"" pero que luego se areglan con la ""peoresnada""‚Ä¶",2018-10-07 01:15 UTC,0,2970,http://twitter.com/VladiSanchezEsc/statuses/1048743560869289986 
1048743436340396034,santiagoillapa,RT @umdelaire: @tuffiare 1. No hay q ser un genio para saber la respuesta. Las plataformas las armaron @UnidadNacional1 y @DemocratasBo por‚Ä¶,2018-10-07 01:14 UTC,0,75,http://twitter.com/santiagoillapa/statuses/1048743436340396034 
1048743120677076995,abadoblitas,"RT @Nelita98734925: @abadoblitas @hombre__libre @MFuentesElAlto @carlosdmesag El MAS tiene todo el derecho de participar y ganar, pero no p‚Ä¶",2018-10-07 01:13 UTC,0,350,http://twitter.com/abadoblitas/statuses/1048743120677076995 
1048742706480959488,Betoterrazas2,"@NormaPierola @carlosdmesag Y usted q representa, los diputados q hace a√±os solo sangran al pais, gritan un rato, i‚Ä¶ https://t.co/mjQ7G8yPmJ",2018-10-07 01:12 UTC,0,1,http://twitter.com/Betoterrazas2/statuses/1048742706480959488 
1048742701112479745,AbdIzhim,"@carlosdmesag @YouTube en el hipotetico (y que se quede asi, en hipotetico por favor) escenario en que usted nuevam‚Ä¶ https://t.co/PvivNOj5xR",2018-10-07 01:11 UTC,0,1,http://twitter.com/AbdIzhim/statuses/1048742701112479745 
1048742594941997056,IntegConsultant,"RT @amilcarbarral: Antes de lanzar candidaturas Presidenciales, no ser√≠a primero defender el 21F y luego hacer una gran alianza? seremos fu‚Ä¶",2018-10-07 01:11 UTC,0,566,http://twitter.com/IntegConsultant/statuses/1048742594941997056 
1048742571164520448,EdinBurg77,@noticiasfides @carlosdmesag Anciano limosnero,2018-10-07 01:11 UTC,0,1,http://twitter.com/EdinBurg77/statuses/1048742571164520448 
1048742493314011136,NatachaBarahon1,@ATBRedNacional @ATBDigital @evoespueblo @carlosdmesag A ese asno qui√©n quer√≠a escucharle? Estamos hartos de su p√©s‚Ä¶ https://t.co/Zfesm7AcVG,2018-10-07 01:11 UTC,0,1,http://twitter.com/NatachaBarahon1/statuses/1048742493314011136 
1048742171908739079,cimar_ortega,@NormaPierola @carlosdmesag Usted sangra por la herida porque sabe que no tendr√° espacio esta vez tiene que retirar‚Ä¶ https://t.co/4o0yS9NAqE,2018-10-07 01:09 UTC,0,1,http://twitter.com/cimar_ortega/statuses/1048742171908739079 
1048742148051484673,vicogo_,@MaritaPatino @carloswalcala @abadoblitas @EduardoERocaD @carlosdmesag Maleante por haber hecho matar a tanta gente‚Ä¶ https://t.co/gtAext7aPW,2018-10-07 01:09 UTC,0,1,http://twitter.com/vicogo_/statuses/1048742148051484673 
1048742027641466880,dbg_bo,"Es por eso que @carlosdmesag es el caballo de troya en la pol√≠tica boliviana, fue parte de la vieja democracia pact‚Ä¶ https://t.co/XijDtVv9fR",2018-10-07 01:09 UTC,0,1956,http://twitter.com/dbg_bo/statuses/1048742027641466880 
1048741979625021440,Alejand31105993,"RT @PepePomacusi: ""PREFIERO TIRARME AL R√çO CHOQUEYAPU ANTES QUE SER CANDIDATO A LA PRESIDENCIA O SER PRESIDENTE DE BOLIVIA, ESO ME DIJO @ca‚Ä¶",2018-10-07 01:09 UTC,0,200,http://twitter.com/Alejand31105993/statuses/1048741979625021440 
1048741804303155202,aborismedina1,"@ivanariasduran @carlosdmesag Tu cuate Samuel, o se suma, o se marginaliza favoreciendo al masismo...",2018-10-07 01:08 UTC,0,1,http://twitter.com/aborismedina1/statuses/1048741804303155202 
1048741652192538625,OlgaIbaez11,RT @rtp_bolivia: 2 l√≠deres pol√≠ticos reaccionaron a la postulaci√≥n de Mesa. @SDoriaMedina se√±al√≥ que ‚Äúel desaf√≠o de todos es construir la e‚Ä¶,2018-10-07 01:07 UTC,0,61,http://twitter.com/OlgaIbaez11/statuses/1048741652192538625 
1048741538115850240,Espantobreve,"RT @nlagunaq: .@carlosdmesag, con 65 a√±os y esta historia dice ser el candidato de ""futuro"". https://t.co/bI0mEKiyGU",2018-10-07 01:07 UTC,0,609,http://twitter.com/Espantobreve/statuses/1048741538115850240 
1048741426815746048,vilar_blan,@PaulinoChura @Sumaj_Warmi @MonoLargaVista @DemocratasBo @solparaBolivia @carlosdmesag Correcto! Espero que as√≠ lo‚Ä¶ https://t.co/xB8OcfYFIJ,2018-10-07 01:06 UTC,0,1,http://twitter.com/vilar_blan/statuses/1048741426815746048 
1048741360868708352,OlgaIbaez11,"RT @SrJudaz: Podr√° no caerte el tipo, tal vez no sea el indicado para llevar las riendas del pa√≠s (eso pienso yo) pero @carlosdmesag resumi‚Ä¶",2018-10-07 01:06 UTC,0,61,http://twitter.com/OlgaIbaez11/statuses/1048741360868708352 
1048741295135645696,Guiller45544284,"RT @Rizomias: C√≥mo cuando @carlosdmesag se confunde y se llama renovaci√≥n, despu√©s haber sido presidente de un gobierno neoliberal. Creo qu‚Ä¶",2018-10-07 01:06 UTC,0,104,http://twitter.com/Guiller45544284/statuses/1048741295135645696 
1048741038452629507,JulioOrellana,@AleSerrate @evoespueblo No puede porque es un candidato inhabilitado constitucionalmente y el 10 de octubre a viva‚Ä¶ https://t.co/QJg2MdZQfL,2018-10-07 01:05 UTC,0,1,http://twitter.com/JulioOrellana/statuses/1048741038452629507 
1048740934953971717,aborismedina1,"RT @aborismedina1: @carlosdmesag @YouTube Bolivia tiene futuro! Mi pa√≠s con democracia, justicia, libertad y transparencia. Desde Oruro, es‚Ä¶",2018-10-07 01:04 UTC,0,34,http://twitter.com/aborismedina1/statuses/1048740934953971717 
1048740877903060992,AlterEgoNG,@SrJudaz @carlosdmesag Lo √∫nico que Mesa hace bien es hablar frente a una c√°mara. Eso no lo hace l√≠der.,2018-10-07 01:04 UTC,0,1,http://twitter.com/AlterEgoNG/statuses/1048740877903060992 
1048740801315004421,OlgaIbaez11,"RT @amilcarbarral: Antes de lanzar candidaturas Presidenciales, no ser√≠a primero defender el 21F y luego hacer una gran alianza? seremos fu‚Ä¶",2018-10-07 01:04 UTC,0,61,http://twitter.com/OlgaIbaez11/statuses/1048740801315004421 
1048740767446040576,Alejand31105993,"RT @nlagunaq: .@carlosdmesag, con 65 a√±os y esta historia dice ser el candidato de ""futuro"". https://t.co/bI0mEKiyGU",2018-10-07 01:04 UTC,0,200,http://twitter.com/Alejand31105993/statuses/1048740767446040576 
1048740691776606209,aborismedina1,"@carlosdmesag @YouTube Bolivia tiene futuro! Mi pa√≠s con democracia, justicia, libertad y transparencia. Desde Orur‚Ä¶ https://t.co/LNaxL8Ze5f",2018-10-07 01:04 UTC,1,1,http://twitter.com/aborismedina1/statuses/1048740691776606209 
1048740515561308160,Richard21176958,@noticiasfides @carlosdmesag Lo juras?,2018-10-07 01:03 UTC,0,1,http://twitter.com/Richard21176958/statuses/1048740515561308160 
1048740454735532032,EberthAlmendras,@JohnArandia Consulta al @TSEBolivia el Reglamento de Elecciones Primarias permite realizar campa√±a desde ya a los‚Ä¶ https://t.co/peR0zwEaXe,2018-10-07 01:03 UTC,0,1,http://twitter.com/EberthAlmendras/statuses/1048740454735532032 
1048740420359004160,andre_ayuda,RT @NotiBolGroup: #Bolivia Repercusiones por el mundo por el anuncio de la candidatura de Carlos Mesa a la Presidencia de Bolivia. @carlosd‚Ä¶,2018-10-07 01:02 UTC,0,2719,http://twitter.com/andre_ayuda/statuses/1048740420359004160 
1048740390050979840,OlgaIbaez11,"RT @noticiasfides: #ANF #√öltimo El Ministro de Gobierno, Carlos Romero, dice que @carlosdmesag ‚Äúforma parte de los pol√≠ticos pasados‚Äù y afi‚Ä¶",2018-10-07 01:02 UTC,0,61,http://twitter.com/OlgaIbaez11/statuses/1048740390050979840 
1048740343397699586,MoisesGuereca,RT @noticiasfides: #ANF #√öltimo @carlosdmesag confirma a trav√©s de sus redes sociales su participaci√≥n como candidato para presidente de la‚Ä¶,2018-10-07 01:02 UTC,0,12,http://twitter.com/MoisesGuereca/statuses/1048740343397699586 
1048740253538893824,dbg_bo,"#Bolivia #TerceraPosici√≥n @carlosdmesag cae bien al oficialismo ya que avalar√° al binomio Evo-√Ålvaro y cae mucho m‚Ä¶ https://t.co/vqeNAtPFF7",2018-10-07 01:02 UTC,0,1956,http://twitter.com/dbg_bo/statuses/1048740253538893824 
1048740227630518273,Rod39SK,"üáßüá¥Clima pol√≠tico Bolivianoüáßüá¥: ¬øEvito (@evoespueblo) o Carlitos (@carlosdmesag)? Hace alg√∫n tiempo dije que ambos p‚Ä¶ https://t.co/AxfG5LoybI",2018-10-07 01:02 UTC,0,19071,http://twitter.com/Rod39SK/statuses/1048740227630518273 
1048740182088974336,MoisesGuereca,RT @carlosdmesag: Mi respuesta: POR UN GOBIERNO DE CIUDADANOS https://t.co/fUlNNsSkp5 v√≠a @YouTube,2018-10-07 01:01 UTC,0,12,http://twitter.com/MoisesGuereca/statuses/1048740182088974336 
1048740133351186432,rvaldivia1861,RT @jaimepazzamora: Felicidades @carlosdmesag por finalmente tomar una decisi√≥n.  A menos de una semana del fallo sobre nuestra Demanda Mar‚Ä¶,2018-10-07 01:01 UTC,0,28,http://twitter.com/rvaldivia1861/statuses/1048740133351186432 
1048740058927390721,Espantobreve,"RT @PepePomacusi: ""PREFIERO TIRARME AL R√çO CHOQUEYAPU ANTES QUE SER CANDIDATO A LA PRESIDENCIA O SER PRESIDENTE DE BOLIVIA, ESO ME DIJO @ca‚Ä¶",2018-10-07 01:01 UTC,0,609,http://twitter.com/Espantobreve/statuses/1048740058927390721 
1048739957920157696,Guiller45544284,"RT @canela_cs: Tengo 40 a√±os menos y ya no me siento tan joven como √©l. ¬øQu√© come el se√±or @carlosdmesag?",2018-10-07 01:01 UTC,0,104,http://twitter.com/Guiller45544284/statuses/1048739957920157696 
1048739860775878656,julianboot01,"@nlagunaq @carlosdmesag Y pensar que este tipo es director de la agetic,  se siente el miedo !!!",2018-10-07 01:00 UTC,0,1,http://twitter.com/julianboot01/statuses/1048739860775878656 
1048739796603076608,AntonioCopa3,"RT @noticiasfides: #ANF #√öltimo El Ministro de Gobierno, Carlos Romero, dice que @carlosdmesag ‚Äúforma parte de los pol√≠ticos pasados‚Äù y afi‚Ä¶",2018-10-07 01:00 UTC,0,1,http://twitter.com/AntonioCopa3/statuses/1048739796603076608 
1048739683759542274,sergio04155031,RT @sergio04155031: @carlosdmesag @YouTube Solo falta que pidas limosna a los yankes...,2018-10-07 00:59 UTC,0,0,http://twitter.com/sergio04155031/statuses/1048739683759542274 
1048739641065709568,JulioOrellana,"@jaimepazzamora @carlosdmesag Correcci√≥n estimado Jaime un solo candidato, Morales est√° inhabilitado",2018-10-07 00:59 UTC,0,1,http://twitter.com/JulioOrellana/statuses/1048739641065709568 
1048739593460371457,sergio04155031,@carlosdmesag @YouTube Solo falta que pidas limosna a los yankes...,2018-10-07 00:59 UTC,1,1,http://twitter.com/sergio04155031/statuses/1048739593460371457 
1048739225309515776,dbg_bo,"@Pensardiferente @carlosdmesag Todos sabemos que Mesa es el caballo de Troya, para los oficialistas va a ser quien‚Ä¶ https://t.co/L6WhtBfpDO",2018-10-07 00:58 UTC,1,1,http://twitter.com/dbg_bo/statuses/1048739225309515776 
1048738940654669827,AntonioCopa3,"RT @KatuArkonada: Despu√©s de ver el video de @carlosdmesag anunciando que en 2019 competir√° contra Evo Morales, tuve un d√©j√† vu. Vota Mesa‚Ä¶",2018-10-07 00:57 UTC,0,1,http://twitter.com/AntonioCopa3/statuses/1048738940654669827 
1048738853274746880,OlgaIbaez11,RT @jaimepazzamora: Felicidades @carlosdmesag por finalmente tomar una decisi√≥n.  A menos de una semana del fallo sobre nuestra Demanda Mar‚Ä¶,2018-10-07 00:56 UTC,0,61,http://twitter.com/OlgaIbaez11/statuses/1048738853274746880 
1048738449178746880,hvlady,@ValeQinaya @carlosdmesag @SDoriaMedina @Generacion_Evo_ @Diputados_Bol @Es_Kahlo @avsix @CuadernosGE @SCombativa‚Ä¶ https://t.co/otaLftD6A0,2018-10-07 00:55 UTC,0,1,http://twitter.com/hvlady/statuses/1048738449178746880 
1048738391498661888,JulioOrellana,@carlosdmesag @YouTube Les salio roncha a los masistas jaja,2018-10-07 00:54 UTC,0,1,http://twitter.com/JulioOrellana/statuses/1048738391498661888 
1048738370850045952,SergioGustavoML,"RT @LaRazon_Bolivia: #Lo√öltimo .@carlosdmesag confirma que ser√° candidato https://t.co/mAsK8JxGtT",2018-10-07 00:54 UTC,0,228,http://twitter.com/SergioGustavoML/statuses/1048738370850045952 
1048738357373804544,sergio04155031,"RT @quispe_ayala: @carlosdmesag @YouTube Ud, ya tuvo su oportunidad de ser presidente, no tuvo la capacidad de sobrellevar las presiones so‚Ä¶",2018-10-07 00:54 UTC,0,0,http://twitter.com/sergio04155031/statuses/1048738357373804544 
1048738352239992832,JoseMig57198411,@noticiasfides @carlosdmesag Estan nerviosos porque se lea acaba la mamadera,2018-10-07 00:54 UTC,0,1,http://twitter.com/JoseMig57198411/statuses/1048738352239992832 
1048738165857632256,juanpabloff_,"No se si @carlosdmesag es el mejor candidato de la oposici√≥n (ya veremos como construye ese punto). ..  Pero si se,‚Ä¶ https://t.co/pUvlfNOw2L",2018-10-07 00:53 UTC,0,548,http://twitter.com/juanpabloff_/statuses/1048738165857632256 
1048737866258546689,rmendozanogale1,@ConExpresiones @ValeQinaya @carlosdmesag @SDoriaMedina @Generacion_Evo_ @Diputados_Bol @Es_Kahlo @avsix‚Ä¶ https://t.co/bd5n724gjP,2018-10-07 00:52 UTC,0,1,http://twitter.com/rmendozanogale1/statuses/1048737866258546689 
1048737776328433664,Marcelo43372924,@noticiasfides @carlosdmesag Los dos es la misma mmmm vende patria cara duras sinicos,2018-10-07 00:52 UTC,0,1,http://twitter.com/Marcelo43372924/statuses/1048737776328433664 
1048737757655388161,FatimaMolina,RT @carlosdmesag: Mi respuesta: POR UN GOBIERNO DE CIUDADANOS https://t.co/fUlNNsSkp5 v√≠a @YouTube,2018-10-07 00:52 UTC,0,989,http://twitter.com/FatimaMolina/statuses/1048737757655388161 
1048737631130066955,NotiBolGroup,RT @NotiBolGroup: #Bolivia Repercusiones por el mundo por el anuncio de la candidatura de Carlos Mesa a la Presidencia de Bolivia. @carlosd‚Ä¶,2018-10-07 00:51 UTC,0,19394,http://twitter.com/NotiBolGroup/statuses/1048737631130066955 
1048737349750771713,NotiBolGroup,@marceu_mu @carlosdmesag @RubenCostasA @SDoriaMedina @UnidadNacional1 @MAS_Bolivia @DemocratasBo @SatucoMayor‚Ä¶ https://t.co/6ag4Ubr6mV,2018-10-07 00:50 UTC,0,1,http://twitter.com/NotiBolGroup/statuses/1048737349750771713
1048770000817815554,IsaAranibar,RT @Dexanfetamina: Esperanza. @carlosdmesag https://t.co/4CQiZL7C2j,2018-10-07 03:00 UTC,0,116,http://twitter.com/IsaAranibar/statuses/1048770000817815554 
1048769997366054912,EduardoERocaD,@AlejandrTor @okipvd @vhcardenasc @AleSerrate @noticiasfides @ArturoMurilloS @pagina_siete @Plurichacota‚Ä¶ https://t.co/uffMxhHnpv,2018-10-07 03:00 UTC,0,1,http://twitter.com/EduardoERocaD/statuses/1048769997366054912 
1048769706394619905,EduardoERocaD,@palmajuanpablo1 @ahoranoticiasAN @gonzaloflores34 @carlosdmesag Chupamedias. Se ve en tu caranga.,2018-10-07 02:59 UTC,0,1,http://twitter.com/EduardoERocaD/statuses/1048769706394619905 
1048769596273115136,MauricioBurgoa1,"RT @pagina_siete: ¬øQu√© se sabe del FRI, el partido que postula a @carlosdmesag a la Presidencia? https://t.co/hkkorr7r9S https://t.co/zFxMP‚Ä¶",2018-10-07 02:58 UTC,0,264,http://twitter.com/MauricioBurgoa1/statuses/1048769596273115136 
1048768504286117888,rohan_boylove,"@carlosdmesag @YouTube Ni declaraste contra tu jefe Goni por las muertes de octubre , sigues sin tener pantalones y‚Ä¶ https://t.co/XNUDssJ14k",2018-10-07 02:54 UTC,0,1,http://twitter.com/rohan_boylove/statuses/1048768504286117888 
1048768487697633280,Sysivel,"Que si @carlosdmesag se lanz√≥ en YouTube. Que se puso camisa rosada. Que no hay foto hist√≥rica. Que porque acepto.‚Ä¶ https://t.co/mxpjDpmflt",2018-10-07 02:54 UTC,0,547,http://twitter.com/Sysivel/statuses/1048768487697633280 
1048768334341328896,yoshiefuruhashi,"RT @KatuArkonada: Los pueblos tienen m√°s historia de la que usted se cree, don @carlosdmesag https://t.co/rMWr9svnyM",2018-10-07 02:53 UTC,0,3948,http://twitter.com/yoshiefuruhashi/statuses/1048768334341328896 
1048768328540540929,yoshiefuruhashi,"RT @KatuArkonada: Despu√©s de ver el video de @carlosdmesag anunciando que en 2019 competir√° contra Evo Morales, tuve un d√©j√† vu. Vota Mesa‚Ä¶",2018-10-07 02:53 UTC,0,3948,http://twitter.com/yoshiefuruhashi/statuses/1048768328540540929 
1048768312103067650,abadoblitas,"@betococo11 @carlosdmesag ¬øPatriotas? Llamenlos como quieran, la vida se respeta.",2018-10-07 02:53 UTC,0,348,http://twitter.com/abadoblitas/statuses/1048768312103067650 
1048768298865885185,rhforno,"RT @noticiasfides: #ANF @carlosdmesag confirma que ser√° ""candidato a la presidencia del Estado"". Dice que Bolivia necesita un nuevo lideraz‚Ä¶",2018-10-07 02:53 UTC,0,286,http://twitter.com/rhforno/statuses/1048768298865885185 
1048768176014729216,FriOruro,#Im√°genes: @carlosdmesag confirma su candidatura presidencial por el #FRI en las elecciones de 2019 https://t.co/NmWZdmTT0Z,2018-10-07 02:53 UTC,0,51,http://twitter.com/FriOruro/statuses/1048768176014729216 
1048768162882306048,Pichicateru,@jbadani @AnaMarRey @carlosdmesag qu√© significa densidad e ideolog√≠a unificadora? exigir respeto a la CPE me parece‚Ä¶ https://t.co/bZUvK8XgyG,2018-10-07 02:53 UTC,0,1,http://twitter.com/Pichicateru/statuses/1048768162882306048 
1048767790755270656,abadoblitas,"@betococo11 @carlosdmesag No se a que manipulaci√≥n te refieres, durante los peores d√≠as, incluso se transmiti√≥ la t‚Ä¶ https://t.co/o9YMirp0nC",2018-10-07 02:51 UTC,0,348,http://twitter.com/abadoblitas/statuses/1048767790755270656 
1048767338680635393,ROCO96548510,RT @jaimepazzamora: Felicidades @carlosdmesag por finalmente tomar una decisi√≥n.  A menos de una semana del fallo sobre nuestra Demanda Mar‚Ä¶,2018-10-07 02:49 UTC,0,132,http://twitter.com/ROCO96548510/statuses/1048767338680635393 
1048766876074094592,animati_jvargas,"@carlosdmesag @YouTube Pa la mierda, los guerreros digitales del Evo ganan los billetes por llenar las bandejas de comentarios de spam?",2018-10-07 02:48 UTC,0,1,http://twitter.com/animati_jvargas/statuses/1048766876074094592 
1048766538029965312,javiyus,@avigailmariscal @rcbolivia @RadioSplendid @DavidRa71555108 @carlosdmesag Creen que somos tontos? Ustedes peor que‚Ä¶ https://t.co/Wdwzd3mEoW,2018-10-07 02:46 UTC,0,1,http://twitter.com/javiyus/statuses/1048766538029965312 
1048766252674637824,frejim2,"@carlosdmesag Adem√°s, como sabr√°, las alianzas por lo general convierten a uno reh√©n de sus ""aliados"". Le sugiero q‚Ä¶ https://t.co/xyczjBI2m4",2018-10-07 02:45 UTC,0,1,http://twitter.com/frejim2/statuses/1048766252674637824 
1048766159972171777,braulio_riveros,"RT @amilcarbarral: Antes de lanzar candidaturas Presidenciales, no ser√≠a primero defender el 21F y luego hacer una gran alianza? seremos fu‚Ä¶",2018-10-07 02:45 UTC,0,17,http://twitter.com/braulio_riveros/statuses/1048766159972171777 
1048766076144836608,GusejasGustavo,RT @carlosdmesag: Mi respuesta: POR UN GOBIERNO DE CIUDADANOS https://t.co/fUlNNsSkp5 v√≠a @YouTube,2018-10-07 02:44 UTC,0,9,http://twitter.com/GusejasGustavo/statuses/1048766076144836608 
1048765973355008000,Guiller45544284,RT @NotiBolGroup: Querido @carlosdmesag ese discurso ya lo escuchamos hace mucho y parece que se te han acabado los actos de magia. Ud. Per‚Ä¶,2018-10-07 02:44 UTC,0,103,http://twitter.com/Guiller45544284/statuses/1048765973355008000 
1048765915498795008,abadoblitas,@drigo8793 @NormaPierola @carlosdmesag ¬øEn algunos de mis tweets digo que amo al cocalero de mierda?,2018-10-07 02:44 UTC,0,1,http://twitter.com/abadoblitas/statuses/1048765915498795008 
1048765788612702210,Gabrirey7Rojas,@JulioOrellana @ivanariasduran @carlosdmesag Me pregunto eso tambi√©n... No se lo deber√≠a ni mencionar,2018-10-07 02:43 UTC,0,1,http://twitter.com/Gabrirey7Rojas/statuses/1048765788612702210 
1048765760661807104,PCartamenez,"La pol√≠tica boliviana da para todo, desde oportunistas que van a pretender aprovechar la coyuntura y acomodarse, ha‚Ä¶ https://t.co/lWzPKLrxpL",2018-10-07 02:43 UTC,0,26,http://twitter.com/PCartamenez/statuses/1048765760661807104 
1048765637957439490,oscarsilvaf,RT @ATBRedNacional: #Importante El presidente @evoespueblo hablar√° sobre la candidatura de @carlosdmesag este domingo a las 22:00 en entrev‚Ä¶,2018-10-07 02:43 UTC,0,1682,http://twitter.com/oscarsilvaf/statuses/1048765637957439490 
1048765580592013313,FriOruro,#Im√°genes: @carlosdmesag  confirma su candidatura presidencial por el FRI en las elecciones de 2019. https://t.co/tfXlyfLrMg,2018-10-07 02:42 UTC,0,51,http://twitter.com/FriOruro/statuses/1048765580592013313 
1048765332826087424,gabisita_castro,"RT @SrJudaz: Podr√° no caerte el tipo, tal vez no sea el indicado para llevar las riendas del pa√≠s (eso pienso yo) pero @carlosdmesag resumi‚Ä¶",2018-10-07 02:41 UTC,0,165,http://twitter.com/gabisita_castro/statuses/1048765332826087424 
1048765253146857472,luzbelMARIA1,"RT @Nelita98734925: @abadoblitas @hombre__libre @MFuentesElAlto @carlosdmesag El MAS tiene todo el derecho de participar y ganar, pero no p‚Ä¶",2018-10-07 02:41 UTC,0,89,http://twitter.com/luzbelMARIA1/statuses/1048765253146857472 
1048765036406169600,frejim2,"@carlosdmesag C√≥mo est√° se√±or Mesa, soy un ciudadano de a pie que le pide respetuosamente no se al√≠e con los partid‚Ä¶ https://t.co/BWmNXHPlig",2018-10-07 02:40 UTC,0,1,http://twitter.com/frejim2/statuses/1048765036406169600 
1048764969037287424,Carfabe,RT @carlosdmesag: Mi respuesta: POR UN GOBIERNO DE CIUDADANOS https://t.co/fUlNNsSkp5 v√≠a @YouTube,2018-10-07 02:40 UTC,0,104,http://twitter.com/Carfabe/statuses/1048764969037287424 
1048764791869886471,oscarsilvaf,"RT @lufrum: Un tipo, @carlosdmesag, que fue protagonista del pasado triste de nuestra historia, con la cabeza blannnnca por los a√±os encima‚Ä¶",2018-10-07 02:39 UTC,0,1682,http://twitter.com/oscarsilvaf/statuses/1048764791869886471 
1048764771586269185,oscarsilvaf,RT @NotiBolGroup: #Bolivia 16 a√±os despu√©s el Pajpaku nos quiere vender la misma pomada. V√≠deos casi calcados donde se venden sentimientos‚Ä¶,2018-10-07 02:39 UTC,0,1682,http://twitter.com/oscarsilvaf/statuses/1048764771586269185 
1048764665566830593,El_LibertadorBo,@apereyrac @1HugoZarate @canela_cs @FranzRBarriosG @carlosdmesag @YouTube Imposible tu teor√≠a es decir q elegimos u‚Ä¶ https://t.co/LMnmQbMwCB,2018-10-07 02:39 UTC,0,1,http://twitter.com/El_LibertadorBo/statuses/1048764665566830593 
1048764522176139265,LibardoBuitrago,RT @jaimepazzamora: Felicidades @carlosdmesag por finalmente tomar una decisi√≥n.  A menos de una semana del fallo sobre nuestra Demanda Mar‚Ä¶,2018-10-07 02:38 UTC,0,42769,http://twitter.com/LibardoBuitrago/statuses/1048764522176139265 
1048764225580158976,El_LibertadorBo,@OFLandivar @1HugoZarate @canela_cs @FranzRBarriosG @carlosdmesag @YouTube El gasoducto al Brasil no lo hizo ningun‚Ä¶ https://t.co/WhLOSiMhng,2018-10-07 02:37 UTC,0,1,http://twitter.com/El_LibertadorBo/statuses/1048764225580158976 
1048763957891276800,El_LibertadorBo,@apereyrac @OFLandivar @1HugoZarate @canela_cs @FranzRBarriosG @carlosdmesag @YouTube El gasoducto al Brasil no lo‚Ä¶ https://t.co/PHslVQbz85,2018-10-07 02:36 UTC,0,1,http://twitter.com/El_LibertadorBo/statuses/1048763957891276800 
1048763518961537024,JGOatCOCHA,@carlosdmesag @YouTube -Me parece que Mesa es alguien que cumple con su pueblo y no lo abandona cuando m√°s lo neces‚Ä¶ https://t.co/EMI21c91Te,2018-10-07 02:34 UTC,0,1,http://twitter.com/JGOatCOCHA/statuses/1048763518961537024 
1048763443325624321,NatachaBarahon1,"@ATBDigital @carlosdmesag Medio masista ya empezar√° a atacar a este partido pol√≠tico, en defensa del ignorante @evoespueblo",2018-10-07 02:34 UTC,0,1,http://twitter.com/NatachaBarahon1/statuses/1048763443325624321 
1048763345812242434,plaza_raugusto,@SrJudaz @carlosdmesag Le falta lo mas importante ü•ö ü•ö !!!,2018-10-07 02:34 UTC,0,1,http://twitter.com/plaza_raugusto/statuses/1048763345812242434 
1048763029922488320,Carolin33373342,@noticiasfides @carlosdmesag Oscar Ortiz,2018-10-07 02:32 UTC,0,1,http://twitter.com/Carolin33373342/statuses/1048763029922488320 
1048762994136702981,ChanelColque,RT @franco_grandi: @cristhianj1992 @carlosdmesag @evoespueblo Como te duele!,2018-10-07 02:32 UTC,0,43,http://twitter.com/ChanelColque/statuses/1048762994136702981 
1048762980517773312,ALITA_CCA,"@carlosdmesag @YouTube Perdi√≥ en la HAYA y ahora desea perder con el FRI, que cuerudo eres Carlos!",2018-10-07 02:32 UTC,0,1,http://twitter.com/ALITA_CCA/statuses/1048762980517773312 
1048762966152241152,ChanelColque,"RT @franco_grandi: @carlosdmesag El invitado revelar√° sus verdaderas aspiraciones pol√≠ticas. Si acepta o rechaza, lo √∫nico que lograr√° es c‚Ä¶",2018-10-07 02:32 UTC,0,43,http://twitter.com/ChanelColque/statuses/1048762966152241152 
1048762509950373888,SARAVIAJESSICA,"RT @ValeQinaya: Las y los del MAS saludamos el deseo de candidatura de Mesa, eso es democracia. La pregunta ahora es: ser√° que ahora @carlo‚Ä¶",2018-10-07 02:30 UTC,0,270,http://twitter.com/SARAVIAJESSICA/statuses/1048762509950373888 
1048762454312976384,PABLO83734389,"@carlosdmesag @YouTube Te recomiendo que cuando comiences a gobernar, te hagas pr√©stamos de china c√≥mo Evo Morales‚Ä¶ https://t.co/HVmoYyPZL2",2018-10-07 02:30 UTC,0,1,http://twitter.com/PABLO83734389/statuses/1048762454312976384 
1048762278382882816,Iveth52852491,"RT @carlosdmesag: El √∫nico que acepta o no una invitaci√≥n es el invitado. Mi respuesta a la invitaci√≥n del FRI, la har√© conocer ma√±ana a la‚Ä¶",2018-10-07 02:29 UTC,0,15,http://twitter.com/Iveth52852491/statuses/1048762278382882816 
1048762262448738305,lcaosbo,@LaRazon_Bolivia @carlosdmesag https://t.co/5115H4mVry,2018-10-07 02:29 UTC,0,1,http://twitter.com/lcaosbo/statuses/1048762262448738305 
1048762250247462912,oscarsilvaf,"RT @PepePomacusi: ""PREFIERO TIRARME AL R√çO CHOQUEYAPU ANTES QUE SER CANDIDATO A LA PRESIDENCIA O SER PRESIDENTE DE BOLIVIA, ESO ME DIJO @ca‚Ä¶",2018-10-07 02:29 UTC,0,1682,http://twitter.com/oscarsilvaf/statuses/1048762250247462912 
1048762162502668288,BOjotas,@NormaPierola @carlosdmesag Como Cochabambino tengo mucha verguenza de usted.cabra loca.,2018-10-07 02:29 UTC,0,1,http://twitter.com/BOjotas/statuses/1048762162502668288 
1048761914657054722,Espantobreve,"Si hasta parece que todo hubiese sido calculado para perder @carlosdmesag https://t.co/acCJUMSYST",2018-10-07 02:28 UTC,0,608,http://twitter.com/Espantobreve/statuses/1048761914657054722 
1048761842653450241,ssanchezarmaza,"@dw_espanol @carlosdmesag Cuidado con el titular... No tienen por qu√© saberlo pero Evo no puede ser candidato, perd‚Ä¶ https://t.co/tOnCZynpoq",2018-10-07 02:28 UTC,0,1,http://twitter.com/ssanchezarmaza/statuses/1048761842653450241 
1048761820213854209,CynthiaRLedezma,"RT @EstebanUrquizuC: @carlosdmesag no cambiaste. Tu esencia tibia, condicionante y de manipulaci√≥n lo tienes muy arraigado, siempre pensara‚Ä¶",2018-10-07 02:27 UTC,0,171,http://twitter.com/CynthiaRLedezma/statuses/1048761820213854209 
1048761681231433728,oscarsilvaf,RT @NotiBolGroup: Querido @carlosdmesag ese discurso ya lo escuchamos hace mucho y parece que se te han acabado los actos de magia. Ud. Per‚Ä¶,2018-10-07 02:27 UTC,0,1682,http://twitter.com/oscarsilvaf/statuses/1048761681231433728 
1048761658716446720,noticiasfides,#ANF Vea el momento en el que @carlosdmesag y el #FRI firmaban el acuerdo para su postulaci√≥n como candidato a pres‚Ä¶ https://t.co/vmcZnQmdiu,2018-10-07 02:27 UTC,0,200304,http://twitter.com/noticiasfides/statuses/1048761658716446720 
1048761632082595841,drigo8793,@abadoblitas @NormaPierola @carlosdmesag Y las razones por las que amas al cocalero?,2018-10-07 02:27 UTC,0,1,http://twitter.com/drigo8793/statuses/1048761632082595841 
1048760975984353280,LeonidasLaura,@ATBDigital @carlosdmesag @evoespueblo Otra vez va a levantar la mano pidiendo limosna,2018-10-07 02:24 UTC,0,1,http://twitter.com/LeonidasLaura/statuses/1048760975984353280 
1048760937384165377,pepemurotv,"RT @KatuArkonada: Despu√©s de ver el video de @carlosdmesag anunciando que en 2019 competir√° contra Evo Morales, tuve un d√©j√† vu. Vota Mesa‚Ä¶",2018-10-07 02:24 UTC,0,348,http://twitter.com/pepemurotv/statuses/1048760937384165377 
1048760911085928448,pepemurotv,"RT @noticiasfides: #ANF #√öltimo El Ministro de Gobierno, Carlos Romero, dice que @carlosdmesag ‚Äúforma parte de los pol√≠ticos pasados‚Äù y afi‚Ä¶",2018-10-07 02:24 UTC,0,348,http://twitter.com/pepemurotv/statuses/1048760911085928448 
1048760822128766976,KarlaTaboada7,RT @carlosdmesag: Mi respuesta: POR UN GOBIERNO DE CIUDADANOS https://t.co/fUlNNsSkp5 v√≠a @YouTube,2018-10-07 02:23 UTC,0,33,http://twitter.com/KarlaTaboada7/statuses/1048760822128766976 
1048760809147584512,ApazaCrisostomo,RT @carlosdmesag: Mi respuesta: POR UN GOBIERNO DE CIUDADANOS https://t.co/fUlNNsSkp5 v√≠a @YouTube,2018-10-07 02:23 UTC,0,0,http://twitter.com/ApazaCrisostomo/statuses/1048760809147584512 
1048760684429946885,fredarpo,"RT @Sebas_sauto: Alguien m√°s cree que el discurso de @carlosdmesag fueron 7 mn de llanto contra Evo, sin nada nuevo, sin propuesta y hasta‚Ä¶",2018-10-07 02:23 UTC,0,211,http://twitter.com/fredarpo/statuses/1048760684429946885 
1048760671167553538,D_jos91,@CallejasElmar @carlosdmesag El traidor d mesa no ganara todo show para los medios,2018-10-07 02:23 UTC,0,1,http://twitter.com/D_jos91/statuses/1048760671167553538 
1048760512492843008,pepemurotv,"RT @AndreaVerdecia: @carlosdmesag ya es candidato, recordemos qui√©n es realmente este se√±or. Nos vemos en las elecciones PLATAformas @Res‚Ä¶",2018-10-07 02:22 UTC,0,348,http://twitter.com/pepemurotv/statuses/1048760512492843008 
1048760353121869824,pepemurotv,RT @NotiBolGroup: #Bolivia 16 a√±os despu√©s el Pajpaku nos quiere vender la misma pomada. V√≠deos casi calcados donde se venden sentimientos‚Ä¶,2018-10-07 02:22 UTC,0,348,http://twitter.com/pepemurotv/statuses/1048760353121869824 
1048760219990417409,pepemurotv,"RT @JP_Rivero: Y para el @diarioeldeber, @carlosdmesag es ya ""El mandatario"", realmente para la derecha es hoy un d√≠a de fiesta. P√°renla mu‚Ä¶",2018-10-07 02:21 UTC,0,348,http://twitter.com/pepemurotv/statuses/1048760219990417409 
1048760209932521473,RobertoTrill,@carlosdmesag https://t.co/kBgYLlSjLg,2018-10-07 02:21 UTC,0,1,http://twitter.com/RobertoTrill/statuses/1048760209932521473 
1048760207806029824,AnaMarRey,"RT @jbadani: Las plataformas ciudadanas son actores espectrales, sin densidad ni ideolog√≠a unificadora. Sin embargo, en lo simb√≥lico, han a‚Ä¶",2018-10-07 02:21 UTC,0,689,http://twitter.com/AnaMarRey/statuses/1048760207806029824 
1048759999445553152,fra68774979,"RT @carlosdmesag: El √∫nico que acepta o no una invitaci√≥n es el invitado. Mi respuesta a la invitaci√≥n del FRI, la har√© conocer ma√±ana a la‚Ä¶",2018-10-07 02:20 UTC,0,5,http://twitter.com/fra68774979/statuses/1048759999445553152 
1048759981552689157,fra68774979,RT @carlosdmesag: Mi respuesta: POR UN GOBIERNO DE CIUDADANOS https://t.co/fUlNNsSkp5 v√≠a @YouTube,2018-10-07 02:20 UTC,0,5,http://twitter.com/fra68774979/statuses/1048759981552689157 
1048759879828234242,EdmundoPrensa,"RT @noticiasfides: #ANF #√öltimo El Ministro de Gobierno, Carlos Romero, dice que @carlosdmesag ‚Äúforma parte de los pol√≠ticos pasados‚Äù y afi‚Ä¶",2018-10-07 02:20 UTC,0,262,http://twitter.com/EdmundoPrensa/statuses/1048759879828234242 
1048759770717540357,pepemurotv,"RT @ValeQinaya: Las y los del MAS saludamos el deseo de candidatura de Mesa, eso es democracia. La pregunta ahora es: ser√° que ahora @carlo‚Ä¶",2018-10-07 02:19 UTC,0,348,http://twitter.com/pepemurotv/statuses/1048759770717540357 
1048759753227292672,carloselmagno,@JP_Rivero @nlagunaq @diarioeldeber @carlosdmesag @kariduenAlfaro @Syroworld @NotiBolGroup @KatuArkonada @Axel1Ray1‚Ä¶ https://t.co/eng0Ue5AlZ,2018-10-07 02:19 UTC,0,1,http://twitter.com/carloselmagno/statuses/1048759753227292672 
1048759521827540992,DarioOnim,@ivanariasduran @carlosdmesag Manda tu CV https://t.co/8hK4E1n41N,2018-10-07 02:18 UTC,0,1,http://twitter.com/DarioOnim/statuses/1048759521827540992 
1048759452466331649,pepemurotv,RT @NotiBolGroup: Querido @carlosdmesag ese discurso ya lo escuchamos hace mucho y parece que se te han acabado los actos de magia. Ud. Per‚Ä¶,2018-10-07 02:18 UTC,0,348,http://twitter.com/pepemurotv/statuses/1048759452466331649 
1048759302587129856,OlgaIbaez11,"RT @fabiana18146388: @redbolivision @telepaisunitel @LemaCasimira @carlosdmesag   Fui brutal mente  agredida por una Carabinera ;( https‚Ä¶",2018-10-07 02:17 UTC,0,61,http://twitter.com/OlgaIbaez11/statuses/1048759302587129856 
1048759295314157568,fmvsaogato,"@carlosdmesag Ya conoce el pueblo qe carlos mesa tiene su lado malo. Es servir a estados unidos vender nuestras emp‚Ä¶ https://t.co/UhqndhEw38",2018-10-07 02:17 UTC,0,1,http://twitter.com/fmvsaogato/statuses/1048759295314157568 
1048759262883790848,pepemurotv,"RT @CallejasElmar: La historia se repite. Antes ¬øme voy?¬øno me voy?, me voy,¬ø renunci√≥ ?¬ø no renunci√≥? renunci√≥. Hoy ¬øSoy candidato?¬øNo soy‚Ä¶",2018-10-07 02:17 UTC,0,348,http://twitter.com/pepemurotv/statuses/1048759262883790848 
1048759247469723650,AdrinCol,RT @Es_Kahlo: @ValeQinaya @carlosdmesag @SDoriaMedina @Generacion_Evo_ @Diputados_Bol @avsix @CuadernosGE @SCombativa @Canal_BoliviaTV @int‚Ä¶,2018-10-07 02:17 UTC,0,74,http://twitter.com/AdrinCol/statuses/1048759247469723650 
1048759201634430976,silggz,"A todos los que dicen que @carlosdmesag dijo y re dijo que no ser√≠a candidato y si lo ser√°, no mamen, @evoespueblo‚Ä¶ https://t.co/yYDWvHwKop",2018-10-07 02:17 UTC,0,1243,http://twitter.com/silggz/statuses/1048759201634430976 
1048759149444513793,tavitosalamanca,RT @noticiasfides: #ANF #√öltimo @carlosdmesag confirma a trav√©s de sus redes sociales su participaci√≥n como candidato para presidente de la‚Ä¶,2018-10-07 02:17 UTC,0,42,http://twitter.com/tavitosalamanca/statuses/1048759149444513793 
1048758806556151809,JuanK_say,@EduardoERocaD @rulo98 @AndrsGomezV @carlosdmesag @okipvd @YerkoGarafulic @JulioAliagaL @MonicaAparicioA‚Ä¶ https://t.co/s6NdUuFKsl,2018-10-07 02:15 UTC,0,1,http://twitter.com/JuanK_say/statuses/1048758806556151809 
1048758585994485760,Carolin33373342,"@noticiasfides @carlosdmesag En un d√≠a tan importante no pod√≠a faltar la camisa rosada. En el fondo, es bien consecuente.",2018-10-07 02:15 UTC,0,1,http://twitter.com/Carolin33373342/statuses/1048758585994485760 
1048758570513305600,leonard_lazo,@ATBDigital @carlosdmesag @evoespueblo ¬øMesa del futuro? üòÇüòÇüòÇ Mesa ya es ‚Äúcara conocida‚Äù,2018-10-07 02:15 UTC,0,1,http://twitter.com/leonard_lazo/statuses/1048758570513305600 
1048758221597499397,Yesica44530841,"@carlosdmesag Ud es del pasado al igual que The lord Evo Morales, y si consigue ser presidente solo ser√° utilizado‚Ä¶ https://t.co/JDO1h06Y19",2018-10-07 02:13 UTC,0,1,http://twitter.com/Yesica44530841/statuses/1048758221597499397 
1048758134330851331,dijhey9,@ATBDigital @carlosdmesag @evoespueblo üòÅ üòÅ üòÅ,2018-10-07 02:13 UTC,0,1,http://twitter.com/dijhey9/statuses/1048758134330851331 
1048758126630096896,Danicobeni,"RT @noticiasfides: #ANF #√öltimo El Ministro de Gobierno, Carlos Romero, dice que @carlosdmesag ‚Äúforma parte de los pol√≠ticos pasados‚Äù y afi‚Ä¶",2018-10-07 02:13 UTC,0,8,http://twitter.com/Danicobeni/statuses/1048758126630096896 
1048758126302973958,tavitosalamanca,RT @ErbolDigital: #√öLTIMO #OFICIAL Expresidente @carlosdmesag ser√° candidato presidencial #EleccionesGenerales2019 https://t.co/8RBmEp9GZp,2018-10-07 02:13 UTC,0,42,http://twitter.com/tavitosalamanca/statuses/1048758126302973958 
1048758072548753409,franco_grandi,@cristhianj1992 @carlosdmesag @evoespueblo Como te duele!,2018-10-07 02:13 UTC,1,1,http://twitter.com/franco_grandi/statuses/1048758072548753409 
1048757952230961152,AmbHerrera,@jaimepazzamora @carlosdmesag Wow realmente es un caradura a eso se llama valer muy poco para criticar a alguien,2018-10-07 02:12 UTC,0,1,http://twitter.com/AmbHerrera/statuses/1048757952230961152 
1048757412465971201,tupocona,@NotiBolGroup @carlosdmesag Parecido si! Pero la mejor opci√≥n hasta ahora!!,2018-10-07 02:10 UTC,0,1,http://twitter.com/tupocona/statuses/1048757412465971201 
1048757184446832640,leonard_lazo,"@ivanariasduran @carlosdmesag ¬øNadie te llama?... debes apurarte en colarte a alg√∫n partido, haber si consigues alg√∫n carguito",2018-10-07 02:09 UTC,0,1,http://twitter.com/leonard_lazo/statuses/1048757184446832640 
1048757060182204416,CarmenEGonzale2,RT @EduardoERocaD: Lo minimo que debe hacer el ex Presidente Eduardo Rodriguez @erveltze es RENUNCIAR al r√©gimen de Evo Morales tras su FRA‚Ä¶,2018-10-07 02:09 UTC,0,5871,http://twitter.com/CarmenEGonzale2/statuses/1048757060182204416 
1048756934357258240,CarmenEGonzale2,RT @EduardoERocaD: ¬øCree usted que Carlos Mesa @carlosdmesag Jorge Quiroga @tutoquiroga y Eduardo Rodriguez @erveltze son complices de Evo‚Ä¶,2018-10-07 02:08 UTC,0,5871,http://twitter.com/CarmenEGonzale2/statuses/1048756934357258240 
1048756764005601280,Chasqui_OG,"@JimenaAnteloT @carlosdmesag @carlosdmesag y para que? Ya sabemos q es u p√©simo l√≠der, un traidor de aliados, y dem‚Ä¶ https://t.co/trJz9Dkhgw",2018-10-07 02:07 UTC,0,1,http://twitter.com/Chasqui_OG/statuses/1048756764005601280 
1048756634418380800,JavoTicTac,"RT @ValeQinaya: Las y los del MAS saludamos el deseo de candidatura de Mesa, eso es democracia. La pregunta ahora es: ser√° que ahora @carlo‚Ä¶",2018-10-07 02:07 UTC,0,317,http://twitter.com/JavoTicTac/statuses/1048756634418380800 
1048756340255068161,fvtibalt,@noticiasfides @carlosdmesag Qu√© bien ya tenemos el FRI y el PAN que llegue Movimiento Ciudadano por favor y que no‚Ä¶ https://t.co/WXAVUsNkA5,2018-10-07 02:06 UTC,0,1,http://twitter.com/fvtibalt/statuses/1048756340255068161 
1048756257404964864,mvillca2,RT @carlosdmesag: Mi respuesta: POR UN GOBIERNO DE CIUDADANOS https://t.co/fUlNNsSkp5 v√≠a @YouTube,2018-10-07 02:05 UTC,0,16,http://twitter.com/mvillca2/statuses/1048756257404964864 
1048756070552748032,Rod39SK,"RT @Rod39SK: üáßüá¥Clima pol√≠tico Bolivianoüáßüá¥: ¬øEvito (@evoespueblo) o Carlitos (@carlosdmesag)? Hace alg√∫n tiempo dije que ambos pol√≠ticos te‚Ä¶",2018-10-07 02:05 UTC,0,19073,http://twitter.com/Rod39SK/statuses/1048756070552748032 
1048755892085301249,NotiBolGroup,RT @NotiBolGroup: Querido @carlosdmesag ese discurso ya lo escuchamos hace mucho y parece que se te han acabado los actos de magia. Ud. Per‚Ä¶,2018-10-07 02:04 UTC,0,19395,http://twitter.com/NotiBolGroup/statuses/1048755892085301249 
1048755853996777472,Lester_st,@amilcarbarral @carlosdmesag @SDoriaMedina @jaimepazzamora @tutoquiroga @vhcardenasc @LuisRevillaH @RubenCostasA Co‚Ä¶ https://t.co/5w3sUsdBR6,2018-10-07 02:04 UTC,0,1,http://twitter.com/Lester_st/statuses/1048755853996777472 
1048755658634514433,_deULTIMO,"RT @ReynPeriodismo: #De√öltimo El ex presidente @carlosdmesag firma acuerdo con el presidente del @FriOruro, #EdgarGuzm√°nJ√°uregui para que e‚Ä¶",2018-10-07 02:03 UTC,0,1024,http://twitter.com/_deULTIMO/statuses/1048755658634514433